[{"id":"88bfcd8c.7111d","type":"tab","label":"Recipe 17_02","disabled":false,"info":""},{"id":"7d320ab0.1f2964","type":"mqtt in","z":"88bfcd8c.7111d","name":"Kitchen Lights Subscription","topic":"kitchen_lights","qos":"2","broker":"6ad68786.938028","x":210,"y":120,"wires":[["abb8c6bc.bf3db8"]]},{"id":"abb8c6bc.bf3db8","type":"rpi-gpio out","z":"88bfcd8c.7111d","name":"Kitchen Light Using GPIO 18","pin":"12","set":"","level":"0","freq":"","out":"out","x":520,"y":220,"wires":[]},{"id":"6ad68786.938028","type":"mqtt-broker","z":"","name":"MyHomeAutomation","broker":"localhost","port":"1883","clientid":"","usetls":false,"compatmode":true,"keepalive":"60","cleansession":true,"birthTopic":"","birthQos":"0","birthPayload":"","closeTopic":"","closeQos":"0","closePayload":"","willTopic":"","willQos":"0","willPayload":""}]
