[{"id":"8eeb0a4b.a07598","type":"tab","label":"Recipe 17_05","disabled":false,"info":""},{"id":"cca21868.eb4b68","type":"mqtt out","z":"8eeb0a4b.a07598","name":"Sonoff_1","topic":"cmnd/sonoff_1/power","qos":"2","retain":"","broker":"6ad68786.938028","x":460,"y":220,"wires":[]},{"id":"2b4d33fc.c9810c","type":"trigger","z":"8eeb0a4b.a07598","op1":"1","op2":"","op1type":"str","op2type":"nul","duration":"250","extend":false,"units":"ms","reset":"","bytopic":"all","name":"On trigger","x":280,"y":300,"wires":[["cca21868.eb4b68"]]},{"id":"4326d512.66ad8c","type":"trigger","z":"8eeb0a4b.a07598","op1":"","op2":"0","op1type":"nul","op2type":"num","duration":"10","extend":false,"units":"s","reset":"","bytopic":"all","name":"Off trigger","x":280,"y":140,"wires":[["cca21868.eb4b68"]]},{"id":"f24180a3.be996","type":"rpi-gpio in","z":"8eeb0a4b.a07598","name":"Push Button","pin":"22","intype":"up","debounce":"25","read":false,"x":80,"y":220,"wires":[["4326d512.66ad8c","2b4d33fc.c9810c"]]},{"id":"6ad68786.938028","type":"mqtt-broker","z":"","name":"MyHomeAutomation","broker":"localhost","port":"1883","clientid":"","usetls":false,"compatmode":true,"keepalive":"60","cleansession":true,"birthTopic":"","birthQos":"0","birthPayload":"","closeTopic":"","closeQos":"0","closePayload":"","willTopic":"","willQos":"0","willPayload":""}]
